{"chunk_definitions":[{"row":23,"row_count":1,"visible":true,"expansion_state":0,"options":{"engine":"r","label":"setup","include":false},"document_id":"39B5368C","chunk_id":"csetup_chunk","chunk_label":"setup"},{"row":50,"row_count":1,"visible":true,"expansion_state":0,"options":{"engine":"r","echo":false,"label":"unnamed-chunk-60"},"document_id":"39B5368C","chunk_id":"cnrc6o7wcy03c","chunk_label":"unnamed-chunk-1"},{"row":57,"row_count":1,"visible":true,"expansion_state":0,"options":{"engine":"r","echo":false,"label":"unnamed-chunk-61"},"document_id":"39B5368C","chunk_id":"cjccjdvsfwrg7","chunk_label":"unnamed-chunk-2"},{"row":70,"row_count":1,"visible":true,"expansion_state":0,"options":{"engine":"r","label":"unnamed-chunk-62"},"document_id":"39B5368C","chunk_id":"cqxfzk2kosjgh","chunk_label":"unnamed-chunk-3"},{"row":207,"row_count":1,"visible":true,"expansion_state":0,"options":{"engine":"r","echo":false,"fig.height":8,"fig.width":6,"label":"unnamed-chunk-81"},"document_id":"39B5368C","chunk_id":"cfyyonua6d7il","chunk_label":"unnamed-chunk-16"},{"row":214,"row_count":1,"visible":true,"expansion_state":0,"options":{"engine":"r","label":"unnamed-chunk-82"},"document_id":"39B5368C","chunk_id":"cjr1mnhn7zoa0","chunk_label":"unnamed-chunk-17"}],"doc_write_time":1699165733}