"0","knitr::opts_chunk$set(echo = TRUE)"
"0","library(tidyverse)"
"0","library(knitr)"
"0","library(ggplot2)"
"0","library(patchwork)"
"0","suppressPackageStartupMessages(library(gridExtra))"
"0","library(DHARMa) # flexible model diagnostics"
"0","library(emmeans) "
"0","library(lme4) # for mixed-effects models"
"0","library(lmerTest)"
"0","NatParkData<-read_csv(""CHYTRID_DATA_2023/National_Park_Data.csv"")"
"2","[1mRows: [22m[34m15[39m [1mColumns: [22m[34m6[39m"
"2","[36m──[39m [1mColumn specification[22m [36m──────────────────────────────────────────────────────────────────────[39m
[1mDelimiter:[22m "",""
[31mchr[39m (1): NP
[32mdbl[39m (5): VPD, NP_area_1000_ha, visit_rate_1000_per_yr, frog_spp_richness, plant_spp_richness"
"2","
[36mℹ[39m Use `spec()` to retrieve the full column specification for this data.
[36mℹ[39m Specify the column types or set `show_col_types = FALSE` to quiet this message."
"0","ChytridAmpData<-read_csv(""CHYTRID_DATA_2023/Chytrid_Amphibian_Data.csv"")"
"2","[1mRows: [22m[34m225[39m [1mColumns: [22m[34m7[39m"
"2","[36m──[39m [1mColumn specification[22m [36m──────────────────────────────────────────────────────────────────────[39m
[1mDelimiter:[22m "",""
[31mchr[39m (3): NP, creek_id, species
[32mdbl[39m (4): track_density, pop_density, n_frogs_sampled, n_infected"
"2","
[36mℹ[39m Use `spec()` to retrieve the full column specification for this data.
[36mℹ[39m Specify the column types or set `show_col_types = FALSE` to quiet this message."
