-- phpMyAdmin SQL Dump
-- version 5.1.1deb3+bionic1
-- https://www.phpmyadmin.net/
--
-- Host: localhost
-- Generation Time: Sept 19, 2023 at 03:42 PM
-- Server version: 8.0.28
-- PHP Version: 7.2.24-0ubuntu0.18.04.11

SET SQL_MODE = "NO_AUTO_VALUE_ON_ZERO";
START TRANSACTION;
SET time_zone = "+00:00";


/*!40101 SET @OLD_CHARACTER_SET_CLIENT=@@CHARACTER_SET_CLIENT */;
/*!40101 SET @OLD_CHARACTER_SET_RESULTS=@@CHARACTER_SET_RESULTS */;
/*!40101 SET @OLD_COLLATION_CONNECTION=@@COLLATION_CONNECTION */;
/*!40101 SET NAMES utf8mb4 */;

--
-- Database: `Assignment 2`
--

-- --------------------------------------------------------

--
-- Table structure for table `Athletes`
--

CREATE TABLE `Athletes` (
  `AthleteID` int NOT NULL,
  `AthleteName` varchar(100) NOT NULL,
  `CountryID` int NOT NULL,
  `Age` int NOT NULL
) ENGINE=InnoDB DEFAULT CHARSET=utf8mb4 COLLATE=utf8mb4_0900_ai_ci;

--
-- Dumping data for table `Athletes`
--

INSERT INTO `Athletes` (`AthleteID`, `AthleteName`, `CountryID`, `Age`) VALUES
(1, 'Burch Devany', 43, 59),
(2, 'Dorothea Cescon', 96, 59),
(3, 'Barclay Benet', 78, 21),
(4, 'Sarah Smith', 57, 15),
(5, 'Carmella MacDermott', 2, 65),
(6, 'Lucilia Grebbin', 54, 70),
(7, 'Chrissy Thickens', 9, 56),
(8, 'Nadean Isaksson', 97, 48),
(9, 'Decca Markovich', 73, 52),
(10, 'Honoria Culp', 87, 66),
(11, 'Carilyn Vacher', 71, 61),
(12, 'Suzanne McKechnie', 41, 49),
(13, 'Kleon McTrustie', 71, 15),
(14, 'Trescha Lortzing', 12, 54),
(15, 'Diahann Morales', 27, 69),
(16, 'Polly Bescoby', 23, 24),
(17, 'Karalee Pays', 100, 38),
(18, 'Lynde Zupa', 55, 66),
(19, 'Malchy Axell', 6, 18),
(20, 'Katerina Fairest', 63, 30),
(21, 'Conny Brettor', 18, 46),
(22, 'Issy Eyrl', 66, 30),
(23, 'Wadsworth Weems', 82, 42),
(24, 'Brooks Playle', 28, 70),
(25, 'Flemming Stalman', 56, 60),
(26, 'Ches Farrey', 29, 27),
(27, 'Merilyn Luten', 23, 52),
(28, 'Cesare Licciardiello', 50, 36),
(29, 'Blondie Quipp', 51, 32),
(30, 'Wendell Samber', 57, 37),
(31, 'Odell Azam', 75, 33),
(32, 'Derrek Kitteringham', 2, 46),
(33, 'Norah Spatari', 65, 45),
(34, 'Daven Melbourn', 12, 41),
(35, 'Xena Lethebridge', 100, 35),
(36, 'Lebbie Suerz', 6, 43),
(37, 'Austen Lathaye', 69, 31),
(38, 'Rudie Bollin', 59, 58),
(39, 'Raynard Lackie', 48, 52),
(40, 'Verge Meachem', 61, 20),
(41, 'Kare Beaushaw', 43, 53),
(42, 'Diann Nellies', 100, 42),
(43, 'Cherish Sawdy', 14, 50),
(44, 'Reagen Agglio', 92, 37),
(45, 'Davy Caesman', 23, 37),
(46, 'Dominick Harby', 1, 66),
(47, 'Corabelle Bunker', 24, 65),
(48, 'Torrey Sever', 57, 18),
(49, 'Giles Barnson', 14, 35),
(50, 'Zolly Bergstrand', 90, 51),
(51, 'Penn Androck', 54, 31),
(52, 'Marleen Hamfleet', 2, 48),
(53, 'Ailbert Kesterton', 75, 34),
(54, 'Boigie MacVagh', 24, 18),
(55, 'Sloane Avon', 67, 22),
(56, 'Sullivan Borthe', 59, 51),
(57, 'Britteny Hall-Gough', 77, 28),
(58, 'Minny Benadette', 2, 70),
(59, 'Wallis McMenemy', 41, 52),
(60, 'Flss Crayke', 11, 63),
(61, 'Webster Barti', 14, 46),
(62, 'Conny Kleynermans', 90, 57),
(63, 'Mac Ferreira', 45, 39),
(64, 'Orv Headan', 24, 38),
(65, 'Alika Dellenbrok', 92, 39),
(66, 'Willem Londer', 89, 58),
(67, 'Benni Vautier', 97, 15),
(68, 'Dexter Hargey', 4, 31),
(69, 'Gilbert Kunert', 50, 27),
(70, 'Gusella Sumpton', 9, 33),
(71, 'Dominique Wilding', 17, 36),
(72, 'Danni Bracci', 44, 45),
(73, 'Lamond Bough', 41, 20),
(74, 'Yolande Culvey', 1, 43),
(75, 'Vita Cheatle', 17, 58),
(76, 'Albertina Stower', 89, 32),
(77, 'Morty Whimpenny', 68, 50),
(78, 'Clemente Waby', 57, 28),
(79, 'Amalita Pabelik', 80, 61),
(80, 'Josefina Tutchell', 97, 69),
(81, 'Sidoney Ouchterlony', 75, 63),
(82, 'Roscoe Keld', 55, 16),
(83, 'Mead Corns', 73, 28),
(84, 'Atlante Widdocks', 28, 46),
(85, 'Bonnie Barles', 58, 54),
(86, 'Lilli Mincher', 32, 69),
(87, 'Errol Cubbit', 50, 25),
(88, 'Jedd Showl', 13, 28),
(89, 'Flossi Bulger', 47, 25),
(90, 'Catriona Melendez', 16, 56),
(91, 'Gerome Creber', 22, 46),
(92, 'Wanids Bovingdon', 61, 25),
(93, 'Mora Meadley', 2, 55),
(94, 'Blair Pankethman', 91, 22),
(95, 'Katha Grieveson', 22, 56),
(96, 'Garrard MacSwayde', 61, 27),
(97, 'Lark Jedrys', 97, 22),
(98, 'Missie Fawthrop', 1, 47),
(99, 'Farrand Millar', 82, 37),
(100, 'Jory Bream', 72, 24);

-- --------------------------------------------------------

--
-- Table structure for table `Countries`
--

CREATE TABLE `Countries` (
  `CountryID` int NOT NULL,
  `CountryName` varchar(100) NOT NULL,
  `Region` varchar(100) NOT NULL
) ENGINE=InnoDB DEFAULT CHARSET=utf8mb4 COLLATE=utf8mb4_0900_ai_ci;

--
-- Dumping data for table `Countries`
--

INSERT INTO `Countries` (`CountryID`, `CountryName`, `Region`) VALUES
(1, 'China', 'Jiuquan'),
(2, 'Australia', 'Perth'),
(3, 'United States', 'Washington'),
(4, 'Peru', 'Obas'),
(5, 'Serbia', 'Despotovac'),
(6, 'Portugal', 'Vila Nova'),
(7, 'Indonesia', 'Arjawinangun'),
(8, 'Japan', 'Ishige'),
(9, 'Russia', 'Inta'),
(10, 'Kenya', 'Molo'),
(11, 'Ukraine', 'Klenovyy'),
(12, 'Colombia', 'María la Baja'),
(13, 'Tunisia', 'Al Wardānīn'),
(14, 'Saint Lucia', 'Castries'),
(15, 'Canada', 'Norman Wells'),
(16, 'Sierra Leone', 'Peyima'),
(17, 'Thailand', 'Kaset Wisai'),
(18, 'Honduras', 'Sabanagrande'),
(19, 'Estonia', 'Uuemõisa'),
(20, 'Philippines', 'Namboongan'),
(21, 'Sweden', 'Stockholm'),
(22, 'Guatemala', 'Santa Cruz Balanyá'),
(23, 'Netherlands', 'Zevenaar'),
(24, 'Qatar', 'Fuwayriţ'),
(25, 'Cuba', 'San José de las Lajas'),
(26, 'Brazil', 'Catalão'),
(27, 'Venezuela', 'Capacho Viejo'),
(28, 'Macedonia', 'Belčišta'),
(29, 'Poland', 'Zebrzydowice'),
(30, 'Vietnam', 'Cái Dầu'),
(31, 'Belarus', 'Orsha'),
(32, 'North Korea', 'Yŏnggwang-ŭp'),
(33, 'Nigeria', 'Hunkuyi'),
(34, 'Ireland', 'Bailieborough'),
(35, 'Argentina', 'Morón'),
(36, 'Mongolia', 'Sergelen'),
(37, 'Czech Republic', 'Vlachovo Březí'),
(38, 'Bulgaria', 'Chernomorets'),
(39, 'Norway', 'Haugesund'),
(40, 'Greece', 'Néa Róda'),
(41, 'Germany', 'Frankfurt am Main'),
(42, 'Trinidad and Tobago', 'Petit Valley'),
(43, 'South Africa', 'Plettenberg Bay'),
(44, 'Jordan', 'Judita'),
(45, 'Armenia', 'Vanadzor'),
(46, 'Albania', 'Konispol'),
(47, 'France', 'Béziers'),
(48, 'Ivory Coast', 'Séguéla'),
(49, 'Hungary', 'Debrecen'),
(50, 'Ethiopia', 'Mēga'),
(51, 'Pakistan', 'Risālpur'),
(52, 'Azerbaijan', 'Divichibazar'),
(53, 'Yemen', 'Ash Shaykh ‘Uthmān'),
(54, 'Finland', 'Iitti'),
(55, 'Kosovo', 'Gjinoc'),
(56, 'Mexico', 'Emiliano Zapata'),
(57, 'Nauru', 'Anibare'),
(58, 'Tajikistan', 'Norak'),
(59, 'Iran', 'Fāmenīn'),
(60, 'Morocco', 'Chichaoua'),
(61, 'Malaysia', 'Pulau Pinang'),
(62, 'Slovenia', 'Rakičan'),
(63, 'United Arab Emirates', 'Khawr Fakkān'),
(64, 'Denmark', 'København'),
(65, 'Laos', 'Xamtay'),
(66, 'Cameroon', 'Guider'),
(67, 'Bolivia', 'San Borja'),
(68, 'Samoa', 'Safotu'),
(69, 'Gabon', 'Lastoursville'),
(70, 'South Korea', 'Eisen'),
(71, 'Kazakhstan', 'Tekeli'),
(72, 'Mauritania', 'Tékane'),
(73, 'Tanzania', 'Geita'),
(74, 'Bangladesh', 'Bāndarban'),
(75, 'Egypt', 'Ismailia'),
(76, 'Togo', 'Tsévié'),
(77, 'Syria', 'At Tibnī'),
(78, 'Ecuador', 'Tulcán'),
(79, 'Iraq', 'Nāḩiyat Baḩār'),
(80, 'Mayotte', 'Mamoudzou'),
(81, 'Sri Lanka', 'Kuliyapitiya'),
(82, 'Afghanistan', 'Chisht-e Sharīf'),
(83, 'Palestinian Territory', 'Gaza'),
(84, 'Myanmar', 'Martaban'),
(85, 'Latvia', 'Aloja'),
(86, 'Vanuatu', 'Port-Vila'),
(87, 'Lesotho', 'Qacha’s Nek'),
(88, 'French Polynesia', 'Rikitea'),
(89, 'Spain', 'Madrid'),
(90, 'Panama', 'Gómez'),
(91, 'Switzerland', 'Thun'),
(92, 'Micronesia', 'Tofol'),
(93, 'Uganda', 'Kaliro'),
(94, 'Zambia', 'Livingstone'),
(95, 'San Marino', 'Fiorentino'),
(96, 'Paraguay', 'Villa Elisa'),
(97, 'United Kingdom', 'Whitwell'),
(98, 'Saint Kitts and Nevis', 'Newcastle'),
(99, 'Uzbekistan', 'Qŭshkŭpir'),
(100, 'Italy', 'Genova');

-- --------------------------------------------------------

--
-- Table structure for table `Events`
--

CREATE TABLE `Events` (
  `EventID` int NOT NULL,
  `SportID` int NOT NULL,
  `Date` date NOT NULL,
  `TicketPrice` float NOT NULL
) ENGINE=InnoDB DEFAULT CHARSET=utf8mb4 COLLATE=utf8mb4_0900_ai_ci;

--
-- Dumping data for table `Events`
--

INSERT INTO `Events` (`EventID`, `SportID`, `Date`, `TicketPrice`) VALUES
(1, 51, '2023-05-07', 766.12),
(2, 9, '2023-04-28', 876.66),
(3, 17, '2023-05-09', 549.03),
(4, 25, '2023-06-17', 279.06),
(5, 10, '2023-08-02', 230.65),
(6, 34, '2023-04-27', 212.42),
(7, 23, '2023-04-30', 569.93),
(8, 37, '2023-05-28', 118.41),
(9, 27, '2023-07-17', 502.1),
(10, 62, '2023-01-04', 725.88),
(11, 29, '2023-05-20', 590.7),
(12, 35, '2023-03-23', 10.71),
(13, 39, '2023-05-19', 601.22),
(14, 41, '2023-03-11', 649.3),
(15, 3, '2023-06-12', 47.14),
(16, 33, '2023-02-07', 141.09),
(17, 10, '2023-07-09', 874.96),
(18, 46, '2023-01-15', 652.54),
(19, 4, '2023-04-19', 715.53),
(20, 26, '2023-08-05', 905.68),
(21, 36, '2023-06-17', 490.56),
(22, 9, '2023-04-12', 53.37),
(23, 45, '2023-01-29', 270.49),
(24, 59, '2023-06-20', 503.31),
(25, 21, '2023-03-05', 842.9),
(26, 46, '2023-01-06', 854.17),
(27, 43, '2023-03-19', 840.22),
(28, 51, '2023-08-04', 847.07),
(29, 4, '2023-02-03', 775.45),
(30, 49, '2023-07-20', 782.23),
(31, 40, '2023-04-03', 150.83),
(32, 34, '2023-04-17', 823.14),
(33, 35, '2023-05-02', 316.36),
(34, 58, '2023-06-26', 671.6),
(35, 22, '2023-02-28', 864.22),
(36, 35, '2023-04-16', 401.54),
(37, 27, '2023-05-07', 534.29),
(38, 2, '2023-07-07', 117.38),
(39, 46, '2023-03-06', 582.59),
(40, 62, '2023-02-13', 103.37),
(41, 31, '2023-07-21', 161.69),
(42, 11, '2023-01-22', 595.23),
(43, 10, '2023-01-14', 694.75),
(44, 14, '2023-06-27', 955.33),
(45, 62, '2023-04-24', 280.85),
(46, 7, '2023-04-29', 194.97),
(47, 58, '2023-06-13', 258.21),
(48, 42, '2023-03-10', 386.31),
(49, 60, '2023-03-07', 108.2),
(50, 58, '2023-05-02', 946.85),
(51, 22, '2023-06-02', 688.05),
(52, 29, '2023-03-04', 501.41),
(53, 55, '2023-03-24', 684.83),
(54, 9, '2023-08-13', 269.31),
(55, 32, '2023-06-11', 503.55),
(56, 4, '2023-07-07', 624.34),
(57, 26, '2023-03-28', 580.75),
(58, 7, '2023-03-05', 301.77),
(59, 7, '2023-01-18', 776.29),
(60, 18, '2023-07-10', 225.48),
(61, 4, '2023-01-24', 908.61),
(62, 43, '2023-08-15', 944.42),
(63, 15, '2023-03-22', 685.81),
(64, 59, '2023-03-14', 380.74),
(65, 26, '2023-02-07', 174.29),
(66, 33, '2023-08-10', 438.57),
(67, 60, '2023-04-27', 634.7),
(68, 6, '2023-02-15', 449.76),
(69, 32, '2023-03-01', 960.63),
(70, 64, '2023-02-26', 440.66),
(71, 6, '2023-05-15', 174.96),
(72, 31, '2023-01-09', 44.9),
(73, 30, '2023-06-23', 612.03),
(74, 58, '2023-07-03', 119.61),
(75, 52, '2023-01-11', 847.85),
(76, 15, '2023-01-27', 246.89),
(77, 8, '2023-05-07', 473.79),
(78, 18, '2023-03-03', 218.39),
(79, 47, '2023-05-25', 459.52),
(80, 57, '2023-01-29', 717.96),
(81, 40, '2023-01-13', 647.39),
(82, 36, '2023-01-04', 488.35),
(83, 33, '2023-06-08', 200.77),
(84, 54, '2023-06-07', 292.54),
(85, 27, '2023-07-04', 558.32),
(86, 36, '2023-02-07', 403.62),
(87, 61, '2023-01-06', 18.3),
(88, 25, '2023-06-07', 667.57),
(89, 51, '2023-02-24', 119.7),
(90, 49, '2023-05-02', 748.69),
(91, 52, '2023-01-31', 13.23),
(92, 63, '2023-04-02', 414.33),
(93, 44, '2023-01-30', 433.64),
(94, 9, '2023-05-26', 524.24),
(95, 50, '2023-05-06', 584.65),
(96, 59, '2023-08-12', 938.06),
(97, 51, '2023-06-02', 500.37),
(98, 42, '2023-08-13', 445.38),
(99, 10, '2023-05-26', 466.66),
(100, 16, '2023-04-11', 184.77);

-- --------------------------------------------------------

--
-- Table structure for table `Medals`
--

CREATE TABLE `Medals` (
  `AthleteID` int NOT NULL,
  `EventID` int NOT NULL,
  `MedalType` varchar(100) NOT NULL
) ENGINE=InnoDB DEFAULT CHARSET=utf8mb4 COLLATE=utf8mb4_0900_ai_ci;

--
-- Dumping data for table `Medals`
--

INSERT INTO `Medals` (`AthleteID`, `EventID`, `MedalType`) VALUES
(4, 81, 'Silver'),
(4, 95, 'Bronze'),
(5, 1, 'Gold'),
(5, 6, 'Bronze'),
(5, 11, 'Gold'),
(5, 16, 'Gold'),
(5, 21, 'Bronze'),
(5, 26, 'Bronze'),
(5, 31, 'Silver'),
(5, 36, 'Bronze'),
(5, 41, 'Bronze'),
(5, 46, 'Bronze'),
(5, 51, 'Silver'),
(5, 56, 'Bronze'),
(5, 61, 'Silver'),
(5, 66, 'Gold'),
(5, 69, 'Gold'),
(5, 71, 'Gold'),
(5, 76, 'Bronze'),
(5, 79, 'Silver'),
(5, 81, 'Silver'),
(5, 86, 'Gold'),
(5, 91, 'Silver'),
(5, 96, 'Silver'),
(6, 8, 'Gold'),
(7, 60, 'Silver'),
(8, 7, 'Gold'),
(8, 8, 'Silver'),
(8, 68, 'Bronze'),
(9, 47, 'Bronze'),
(10, 41, 'Gold'),
(10, 99, 'Gold'),
(11, 10, 'Bronze'),
(11, 32, 'Silver'),
(11, 66, 'Silver'),
(12, 71, 'Bronze'),
(15, 100, 'Silver'),
(16, 25, 'Bronze'),
(17, 29, 'Silver'),
(17, 48, 'Silver'),
(17, 63, 'Bronze'),
(18, 41, 'Silver'),
(19, 6, 'Bronze'),
(19, 33, 'Silver'),
(20, 51, 'Bronze'),
(21, 7, 'Bronze'),
(21, 80, 'Bronze'),
(22, 10, 'Silver'),
(22, 55, 'Gold'),
(23, 57, 'Bronze'),
(24, 7, 'Gold'),
(28, 73, 'Bronze'),
(29, 5, 'Gold'),
(30, 47, 'Gold'),
(31, 36, 'Gold'),
(32, 2, 'Bronze'),
(32, 7, 'Bronze'),
(32, 12, 'Bronze'),
(32, 17, 'Bronze'),
(32, 22, 'Bronze'),
(32, 27, 'Bronze'),
(32, 32, 'Bronze'),
(32, 37, 'Bronze'),
(32, 42, 'Silver'),
(32, 47, 'Bronze'),
(32, 52, 'Bronze'),
(32, 54, 'Bronze'),
(32, 57, 'Gold'),
(32, 62, 'Silver'),
(32, 67, 'Silver'),
(32, 72, 'Bronze'),
(32, 77, 'Silver'),
(32, 82, 'Gold'),
(32, 87, 'Bronze'),
(32, 92, 'Bronze'),
(32, 97, 'Silver'),
(32, 100, 'Gold'),
(35, 44, 'Bronze'),
(35, 70, 'Silver'),
(37, 4, 'Bronze'),
(37, 9, 'Bronze'),
(38, 11, 'Gold'),
(38, 48, 'Bronze'),
(38, 81, 'Gold'),
(38, 82, 'Silver'),
(38, 89, 'Silver'),
(39, 28, 'Gold'),
(39, 58, 'Silver'),
(42, 3, 'Silver'),
(42, 27, 'Silver'),
(44, 2, 'Bronze'),
(44, 90, 'Silver'),
(47, 16, 'Gold'),
(49, 14, 'Gold'),
(50, 48, 'Bronze'),
(51, 44, 'Gold'),
(51, 66, 'Gold'),
(52, 3, 'Silver'),
(52, 8, 'Gold'),
(52, 13, 'Bronze'),
(52, 18, 'Gold'),
(52, 23, 'Bronze'),
(52, 28, 'Silver'),
(52, 33, 'Gold'),
(52, 38, 'Gold'),
(52, 43, 'Gold'),
(52, 48, 'Gold'),
(52, 53, 'Silver'),
(52, 58, 'Bronze'),
(52, 63, 'Bronze'),
(52, 68, 'Gold'),
(52, 73, 'Silver'),
(52, 78, 'Gold'),
(52, 83, 'Bronze'),
(52, 88, 'Gold'),
(52, 93, 'Gold'),
(52, 98, 'Gold'),
(53, 55, 'Bronze'),
(53, 62, 'Gold'),
(53, 66, 'Gold'),
(55, 88, 'Silver'),
(56, 19, 'Silver'),
(57, 88, 'Bronze'),
(58, 4, 'Gold'),
(58, 9, 'Bronze'),
(58, 14, 'Silver'),
(58, 19, 'Gold'),
(58, 24, 'Bronze'),
(58, 29, 'Silver'),
(58, 34, 'Gold'),
(58, 39, 'Bronze'),
(58, 43, 'Bronze'),
(58, 44, 'Silver'),
(58, 47, 'Gold'),
(58, 49, 'Silver'),
(58, 54, 'Silver'),
(58, 59, 'Silver'),
(58, 64, 'Gold'),
(58, 65, 'Bronze'),
(58, 66, 'Silver'),
(58, 69, 'Gold'),
(58, 74, 'Gold'),
(58, 79, 'Silver'),
(58, 84, 'Gold'),
(58, 89, 'Gold'),
(58, 94, 'Silver'),
(58, 99, 'Silver'),
(59, 93, 'Gold'),
(60, 60, 'Bronze'),
(60, 61, 'Bronze'),
(64, 63, 'Bronze'),
(65, 49, 'Bronze'),
(66, 39, 'Gold'),
(67, 22, 'Silver'),
(68, 69, 'Silver'),
(69, 16, 'Bronze'),
(69, 78, 'Gold'),
(72, 21, 'Gold'),
(72, 49, 'Silver'),
(72, 80, 'Gold'),
(73, 99, 'Bronze'),
(77, 28, 'Silver'),
(77, 48, 'Gold'),
(83, 21, 'Silver'),
(83, 57, 'Silver'),
(85, 41, 'Silver'),
(87, 11, 'Gold'),
(90, 12, 'Gold'),
(90, 13, 'Silver'),
(90, 73, 'Gold'),
(90, 84, 'Silver'),
(91, 22, 'Bronze'),
(93, 5, 'Bronze'),
(93, 10, 'Gold'),
(93, 15, 'Bronze'),
(93, 20, 'Bronze'),
(93, 25, 'Silver'),
(93, 30, 'Silver'),
(93, 35, 'Silver'),
(93, 40, 'Gold'),
(93, 45, 'Bronze'),
(93, 50, 'Gold'),
(93, 55, 'Bronze'),
(93, 60, 'Silver'),
(93, 65, 'Silver'),
(93, 70, 'Gold'),
(93, 75, 'Silver'),
(93, 80, 'Gold'),
(93, 85, 'Gold'),
(93, 90, 'Silver'),
(93, 95, 'Bronze'),
(94, 11, 'Silver'),
(96, 32, 'Gold'),
(97, 13, 'Gold'),
(97, 35, 'Gold'),
(99, 36, 'Bronze'),
(100, 19, 'Gold');

-- --------------------------------------------------------

--
-- Table structure for table `Sports`
--

CREATE TABLE `Sports` (
  `SportsID` int NOT NULL,
  `SportName` varchar(100) NOT NULL
) ENGINE=InnoDB DEFAULT CHARSET=utf8mb4 COLLATE=utf8mb4_0900_ai_ci;

--
-- Dumping data for table `Sports`
--

INSERT INTO `Sports` (`SportsID`, `SportName`) VALUES
(1, 'Basketball'),
(2, 'Judo'),
(3, 'Football'),
(4, 'Tug-Of-War'),
(5, 'Speed Skating'),
(6, 'Cross Country Skiing'),
(7, 'Athletics'),
(8, 'Ice Hockey'),
(9, 'Swimming'),
(10, 'Badminton'),
(11, 'Sailing'),
(12, 'Biathlon'),
(13, 'Gymnastics'),
(14, 'Art Competitions'),
(15, 'Alpine Skiing'),
(16, 'Handball'),
(17, 'Weightlifting'),
(18, 'Wrestling'),
(19, 'Luge'),
(20, 'Water Polo'),
(21, 'Hockey'),
(22, 'Rowing'),
(23, 'Bobsleigh'),
(24, 'Fencing'),
(25, 'Equestrianism'),
(26, 'Shooting'),
(27, 'Boxing'),
(28, 'Taekwondo'),
(29, 'Cycling'),
(30, 'Diving'),
(31, 'Canoeing'),
(32, 'Tennis'),
(33, 'Modern Pentathlon'),
(34, 'Figure Skating'),
(35, 'Golf'),
(36, 'Softball'),
(37, 'Archery'),
(38, 'Volleyball'),
(39, 'Synchronized Swimming'),
(40, 'Table Tennis'),
(41, 'Nordic Combined'),
(42, 'Baseball'),
(43, 'Rhythmic Gymnastics'),
(44, 'Freestyle Skiing'),
(45, 'Rugby Sevens'),
(46, 'Trampolining'),
(47, 'Beach Volleyball'),
(48, 'Triathlon'),
(49, 'Ski Jumping'),
(50, 'Curling'),
(51, 'Soccer'),
(52, 'Rugby'),
(53, 'Short Track Speed Skating'),
(54, 'Skeleton'),
(55, 'Lacrosse'),
(56, 'Polo'),
(57, 'Cricket'),
(58, 'Racquets'),
(59, 'Motorboating'),
(60, 'Military Ski Patrol'),
(61, 'Croquet'),
(62, 'Jeu De Paume'),
(63, 'Roque'),
(64, 'Alpinism'),
(65, 'Basque Pelota'),
(66, 'Aeronautics');

-- --------------------------------------------------------

--
-- Table structure for table `Contestants`
--

CREATE TABLE `Contestants` (
  `EventID` int NOT NULL,
  `AthleteID` int NOT NULL
) ENGINE=InnoDB DEFAULT CHARSET=utf8mb4 COLLATE=utf8mb4_0900_ai_ci;

--
-- Dumping data for table `Contestants`

INSERT INTO `Contestants` (`EventID`, `AthleteID`) VALUES
(1, 5),
(1, 98),
(2, 32),
(2, 44),
(2, 92),
(2, 95),
(3, 42),
(3, 52),
(3, 88),
(3, 89),
(4, 37),
(4, 58),
(4, 84),
(4, 86),
(5, 29),
(5, 81),
(5, 82),
(5, 93),
(6, 5),
(6, 19),
(6, 79),
(6, 80),
(7, 8),
(7, 21),
(7, 24),
(7, 32),
(7, 74),
(7, 75),
(7, 76),
(7, 78),
(8, 6),
(8, 8),
(8, 52),
(8, 63),
(8, 70),
(8, 71),
(9, 37),
(9, 54),
(9, 58),
(9, 62),
(10, 11),
(10, 22),
(10, 46),
(10, 48),
(10, 49),
(10, 93),
(11, 5),
(11, 38),
(11, 40),
(11, 41),
(11, 43),
(11, 45),
(11, 87),
(11, 94),
(12, 32),
(12, 34),
(12, 36),
(12, 90),
(13, 26),
(13, 27),
(13, 33),
(13, 52),
(13, 90),
(13, 97),
(14, 18),
(14, 25),
(14, 39),
(14, 58),
(15, 14),
(15, 93),
(16, 2),
(16, 3),
(16, 5),
(16, 13),
(16, 47),
(16, 69),
(17, 2),
(17, 32),
(18, 3),
(18, 52),
(19, 13),
(19, 14),
(19, 18),
(19, 56),
(19, 58),
(19, 100),
(20, 25),
(20, 93),
(21, 5),
(21, 26),
(21, 27),
(21, 33),
(21, 72),
(21, 83),
(22, 32),
(22, 34),
(22, 36),
(22, 40),
(22, 67),
(22, 91),
(23, 41),
(23, 52),
(24, 43),
(24, 58),
(25, 16),
(25, 32),
(25, 39),
(25, 93),
(26, 5),
(26, 42),
(27, 32),
(27, 42),
(27, 58),
(27, 93),
(28, 11),
(28, 32),
(28, 39),
(28, 52),
(28, 77),
(28, 97),
(29, 17),
(29, 31),
(29, 58),
(29, 96),
(30, 93),
(30, 99),
(31, 5),
(31, 32),
(32, 11),
(32, 32),
(32, 58),
(32, 66),
(32, 93),
(32, 96),
(33, 2),
(33, 3),
(33, 19),
(33, 52),
(34, 13),
(34, 58),
(35, 14),
(35, 18),
(35, 93),
(35, 97),
(36, 5),
(36, 25),
(36, 26),
(36, 27),
(36, 31),
(36, 99),
(37, 32),
(37, 33),
(38, 34),
(38, 52),
(39, 36),
(39, 40),
(39, 58),
(39, 66),
(40, 41),
(40, 93),
(41, 1),
(41, 5),
(41, 10),
(41, 43),
(41, 45),
(41, 46),
(41, 48),
(41, 85),
(42, 32),
(42, 49),
(43, 52),
(43, 54),
(43, 58),
(43, 62),
(44, 35),
(44, 51),
(44, 58),
(44, 63),
(44, 70),
(44, 71),
(45, 74),
(45, 93),
(46, 5),
(46, 75),
(47, 9),
(47, 30),
(47, 32),
(47, 58),
(47, 76),
(47, 78),
(47, 79),
(47, 80),
(48, 17),
(48, 38),
(48, 50),
(48, 52),
(48, 77),
(48, 81),
(48, 82),
(48, 84),
(48, 86),
(48, 88),
(49, 58),
(49, 65),
(49, 72),
(49, 89),
(49, 92),
(49, 95),
(50, 93),
(50, 98),
(51, 2),
(51, 3),
(51, 5),
(51, 20),
(52, 13),
(52, 32),
(53, 14),
(53, 52),
(54, 18),
(54, 25),
(54, 32),
(54, 58),
(55, 22),
(55, 26),
(55, 27),
(55, 33),
(55, 53),
(55, 93),
(56, 5),
(56, 34),
(57, 23),
(57, 32),
(57, 36),
(57, 40),
(57, 41),
(57, 83),
(58, 39),
(58, 43),
(58, 45),
(58, 52),
(59, 46),
(59, 58),
(60, 7),
(60, 48),
(60, 49),
(60, 54),
(60, 60),
(60, 93),
(61, 5),
(61, 61),
(61, 62),
(61, 63),
(62, 32),
(62, 53),
(62, 70),
(62, 71),
(63, 17),
(63, 52),
(63, 64),
(63, 74),
(63, 75),
(63, 76),
(64, 58),
(64, 78),
(65, 58),
(65, 79),
(65, 80),
(65, 93),
(66, 5),
(66, 11),
(66, 51),
(66, 53),
(66, 58),
(66, 81),
(66, 82),
(66, 84),
(66, 86),
(66, 88),
(67, 32),
(67, 89),
(68, 8),
(68, 52),
(68, 92),
(68, 95),
(69, 5),
(69, 58),
(69, 68),
(69, 76),
(69, 78),
(69, 98),
(70, 35),
(70, 79),
(70, 80),
(70, 93),
(71, 5),
(71, 12),
(71, 81),
(71, 82),
(72, 32),
(72, 84),
(73, 28),
(73, 52),
(73, 86),
(73, 88),
(73, 89),
(73, 90),
(74, 58),
(74, 92),
(75, 93),
(75, 98),
(76, 5),
(76, 95),
(77, 32),
(77, 92),
(78, 52),
(78, 69),
(78, 88),
(78, 89),
(79, 5),
(79, 58),
(79, 84),
(79, 86),
(80, 21),
(80, 72),
(80, 80),
(80, 81),
(80, 82),
(80, 93),
(81, 4),
(81, 5),
(81, 38),
(81, 76),
(81, 78),
(81, 79),
(82, 32),
(82, 38),
(82, 74),
(82, 75),
(83, 52),
(83, 71),
(84, 58),
(84, 63),
(84, 70),
(84, 90),
(85, 62),
(85, 93),
(86, 5),
(86, 54),
(87, 32),
(87, 49),
(88, 45),
(88, 46),
(88, 48),
(88, 52),
(88, 55),
(88, 57),
(89, 38),
(89, 41),
(89, 43),
(89, 58),
(90, 36),
(90, 40),
(90, 44),
(90, 93),
(91, 5),
(91, 34),
(92, 32),
(92, 33),
(93, 26),
(93, 27),
(93, 52),
(93, 59),
(94, 25),
(94, 58),
(95, 4),
(95, 14),
(95, 18),
(95, 93),
(96, 5),
(96, 13),
(97, 3),
(97, 32),
(98, 2),
(98, 52),
(99, 2),
(99, 10),
(99, 58),
(99, 73),
(99, 95),
(99, 98),
(100, 15),
(100, 32),
(100, 89),
(100, 92);

--
-- Indexes for dumped tables
--

--
-- Indexes for table `Athletes`
--
ALTER TABLE `Athletes`
  ADD PRIMARY KEY (`AthleteID`),
  ADD KEY `CountryID` (`CountryID`);

--
-- Indexes for table `Countries`
--
ALTER TABLE `Countries`
  ADD PRIMARY KEY (`CountryID`);

--
-- Indexes for table `Events`
--
ALTER TABLE `Events`
  ADD PRIMARY KEY (`EventID`);

--
-- Indexes for table `Medals`
--
ALTER TABLE `Medals`
  ADD PRIMARY KEY (`AthleteID`,`EventID`),
  ADD KEY `EventID` (`EventID`),
  ADD KEY `AthleteID` (`AthleteID`);

--
-- Indexes for table `Sports`
--
ALTER TABLE `Sports`
  ADD PRIMARY KEY (`SportsID`);

--
-- Indexes for table `Contestants`
--
ALTER TABLE `Contestants`
  ADD PRIMARY KEY (`EventID`,`AthleteID`),
  ADD KEY `EventID` (`EventID`),
  ADD KEY `AthleteID` (`AthleteID`);

--
-- Constraints for dumped tables
--

--
-- Constraints for table `Athletes`
--
ALTER TABLE `Athletes`
  ADD CONSTRAINT `Athletes_ibfk_1` FOREIGN KEY (`CountryID`) REFERENCES `Countries` (`CountryID`) ON DELETE CASCADE ON UPDATE CASCADE;

--
-- Constraints for table `Medals`
--
ALTER TABLE `Medals`
  ADD CONSTRAINT `Medals_ibfk_2` FOREIGN KEY (`EventID`) REFERENCES `Events` (`EventID`) ON DELETE RESTRICT ON UPDATE RESTRICT,
  ADD CONSTRAINT `Medals_ibfk_3` FOREIGN KEY (`AthleteID`) REFERENCES `Athletes` (`AthleteID`) ON DELETE RESTRICT ON UPDATE RESTRICT;
  
--
-- Constraints for table `Contestants`
--
ALTER TABLE `Contestants`
  ADD CONSTRAINT `Contestants_ibfk_2` FOREIGN KEY (`AthleteID`) REFERENCES `Athletes` (`AthleteID`) ON DELETE RESTRICT ON UPDATE RESTRICT,
  ADD CONSTRAINT `Contestants_ibfk_3` FOREIGN KEY (`EventID`) REFERENCES `Events` (`EventID`) ON DELETE RESTRICT ON UPDATE RESTRICT;
  
COMMIT;

/*!40101 SET CHARACTER_SET_CLIENT=@OLD_CHARACTER_SET_CLIENT */;
/*!40101 SET CHARACTER_SET_RESULTS=@OLD_CHARACTER_SET_RESULTS */;
/*!40101 SET COLLATION_CONNECTION=@OLD_COLLATION_CONNECTION */;
